sequence,secondary_structure,psuedobase_ids
AUGGGGGCCCAAGGUGAGAUGAAGCUGUAGUCUCACUGGAAGGACUAGAGGUUAGAGGAGACCCCCCCAAAACAAAAAACAGCA,.((((((((...((((((((...[[[[[.))))))))....))......((((......)))))))))).........]]]]].,PKB238
GACGUUGGCCUCGACGUGUCGAGGUG,.((((..[[[[[[))))..]]]]]].,PKB123
CGUGGUGCGUACGAUAACGCAU,(((.[[[[[[)))...]]]]]],PKB54
GGGGUUCGAAUCCCCCCCGAACCGCGGGUAGCGGCCCA,...............(((...[[[[)))..]]]]....,PKB19|PKB27
GGAGACCCAUGGAGAGUCUCCAGAGGUUCCUAAGGCCUCGAUCGCGCCUGCCGGGAGGCAGAAUGUCCCGGUUCUCC,((((((....[[[[[)))))).(((((.......)))))..........(((((((.........)))))))]]]]],PKB235
UAGUGUUCGUGGAUAACACUUUAAUUAAGAUUCAUA,.((((((.[[[[[[)))))).........]]]]]].,PKB120
GGGAUUCGAAUUCCCCCGGAACCCCCGGUUGGGGCCCA,...............(((...[[[[)))..]]]]....,PKB21
GAGGUUAGAGUCGACCUGUUAAACAGACUCA,.(((((.[[[[[)))))........]]]]].,PKB371
AGUCCAUAUGCCCAUCUUUGCUGCUCCGGAUGGAUGUUUAUACCCGCUAUGGAUGCCUAUUACUGAAAUGUAAUAGAUGCCUAAUACUCUCUCUCAGGGAGAGAGUUUAGAUGCCUCCAAAGGAGAUGCU,.(((((((...((((((......[[[[))))))..............)))))))..(((((((......)))))))....((((.((((((((.....))))))))))))...........]]]].....,PKB390
AAAGUCGCUGAAGACUUAAAAUUCAGG,.(((((.[[[[[)))))....]]]]].,PKB92
AGGUAUGAAGUCCUAUUCGCUCCUGAUAGGAUCGACUUCAUAUUGCUUAUAUAUGUGCUAACGCACAUAUAUAAAUGCUCAUGCAAAACUGCAUGAAUGCCCCUAAGGGAUGC,.((((((((((((((((...[[[[))))))....))))))))))..((((((((((((....))))))))))))....(((((((....))))))).........]]]]....,PKB191
AGUAAGUUUCUCCUAUCGCCAUCUGGAUGGGAUUUAAGAGACUUAUGCCAAACUCUUUGAGUUUGAUGCCAAUUCAGUUUUCGUCUGAAUUGAUGCCCGAAAGGAUGGC,.((((((((((((((((.[[[[[[.)))))).....))))))))))..(((((((...)))))))....((((((((.......))))))))..........]]]]]].,PKB395
GGGAAACGGAGUGCGCGGCACCGUCCGCGGAACAAACGGAGAAGGCAGCU,.............[[[[[..((((]]]]]......))))...........,PKB2
CGGGUGCGACUCCCCCCCCUCCUGUGGGCUACAGGAACCA,..............(((..[[[[[[)))..]]]]]]....,PKB14
GGGGACCAUAGAAGGAGCGUUCUCGUCGCGGUCCCUGUCAGGCUCGUCCUGCGAAUCCUUCUA,(((((((.[[[[[[[[(((..[....))))))))))].((((.....))))....]]]]]]]],PKB326
GGGAAACUCCCCGGCCCCGCUGUAGGGGGACCUUCAGCGACAGGGCCAGAACGAAUAAGGUCCCCA,............((((((((((...[[[[[[[[[)))))...))))).........]]]]]]]]].,PKB257
AGUCCAUAUGCCCAUCUUUGCUGCUCCGGAUGGAUGUUAAUACCCCCUAUGGAUGCCUAUUAUUGAAAAAUAAUAGAUGCCUAAUUCUCUCUCUCAGGGAGAGAGAUUAGAUGCCUCCAAGGAGAUGC,.(((((((...((((((......[[[[))))))..............)))))))..((((((((....))))))))....((((.((((((((.....))))))))))))..........]]]]....,PKB391
CGUGGUGCAUACGAUAAUGCAU,(((.[[[[[[)))...]]]]]],PKB63|PKB59
AAAUGUUUGAUCAGAUCAUUCAAAUCUGAUGG,.((((....[[[[[[[))))...]]]]]]]..,PKB151
AGUUGGACGAACAUUAAACGUCC,.(((.[[[[)))......]]]].,PKB95
GAGGUUCGAAUCCUCCCUAACCCCGGGUAGGGGCCCA,...............(((..[[[[)))..]]]]....,PKB26|PKB29|PKB25
GGAAGAUAUGGGUCUGAAUAAUAGCGUAGAAGGGGAGUCAUUCCGUAAUUCGUAAAUCGUAAAAAUCAGAUCAAGUUGAUUCAAGACCUCCUCGUGGUAUCUUCUGGAUGCUAUUAGACUGAAGUUCUUUUGGUCUAAUAGUAACUAACUUGAACAGCGA,(((((((........................................................................[[[[[[(((.[[....))))))))))]].(((((((.....................))))))).....]]]]]]......,PKB357
GGGUCGGCAUGGCAUCUCCACCUCCUCGCGGUCCGACCUGGGCAUCCGAAGGAGGACGCACGUCCACUCGGAUGGCUAAGGGAGAGCCA,(((((((........[[[[(((.......))))))))))...(((((((....((((....))))..)))))))......]]]].....,PKB76
GGCUGACAAAACCCUGUCCCAACCUCCACGUGGUGUCGGCUGGAUAAUGCUGCAUUAUGUUGCAUUUACCAACUGGGAAGG,(((((((.....[[[.[[[[[(((.[[....))))))))))]].((((((.(((...))).))).))).....]]]]]]]],PKB328
CAGUCCCGAAUGGGGUCCCCUUUUGGGGACCCAAGUCCAACCGCUGGCUUCGGCUGGGACUUCGCGUCAGUGUGUGGGCG,..(((((.....((((((((....))))))))..[[[[.[[[[[[(((....))))))))........]]]].]]]]]].,PKB308
AGUGUUUAUCCCUCCACUUGAAUCGAAGGG,((((.....[[[[[))))......].]]]],PKB60
ACCGUCUCUCCCGACGUUAAAGGGAUGUAA,..((((..[[[[)))).....]]]].....,PKB290
GGGAUCGCUGAAUUAGAGAUCGGCGUCCUUUCAUUCUAUAUACUUUGGAGUUUUAAAAUGUCUCUAA,((((.((((((.[[[[[[[))))))))))...............................]]]]]]],PKB72
ACUUUGGCUAAGGUUAAAAGCUU,.(((.[[[[)))......]]]].,PKB156
CGUUGUGUACACGAUAGUACAU,(((.[[[[[[)))...]]]]]],PKB61
GACACUGAGUGAGAAACGUCCCCGUCGUAGUGUCGGUAAUGCGUUGUUUCAACGUAGCCAAUUCUCAC,((((((..[[[[[[[(((.[[....)))))))))]]...(((((((...))))))).....]]]]]]],PKB333
UUCUUUUUUAGUGGCAGUAAGCCUGGGAAUGGGGGCGACCCAGGCGUAUGAACAUAGUGUAACGCUCCCC,................(((.(((((((...[[[[[[[.))))))).))).............]]]]]]].,PKB352
CCUCUCUCCCUAGCCUCCGCUCUUAGGACGGGGAUCAAGAGAGGUCAAACCCAAAAGAG,(((((((((((..(((...[[[[[)))..))))....)))))))..........]]]]],PKB50
UUGGUUAGCUAUUUAGCUUUACUAAUCAAGACGCCGUCGUGCAGCCCACAAAAGUCUAGAUA,.(((..((((....))))......[[[.[[[[.)))..(((.....)))....]]]].]]].,PKB232
CGGGUGCAACUCCCGCCCCUCUUCCGAGGGUCAUCGGAACC,...............(((....[[[[[)))...]]]]]...,PKB5
GGGGUUCGAAUCCCCCCUUUACCCCGGGUAUGGGGCCCA,...............(((...[[[[)))...]]]]....,PKB24
GGGAAAUGGACUGAGCGGCGCCGACCGCCAAACAACCGGCA,..............((((.[[[[.))))........]]]].,PKB240
UUUAAACUGGUGGGGCAGUGUCUAGGAUUGACGUUAGACACUGCUUUUUGCCCGUUUCAAACAGGUGAAUACAAACCGUCAU,...........((((((((((((((...[[[[[)))))))))))))).............................]]]]].,PKB253
GGGGUGCAACUCCCCCGCCCAUCUCGAGCGUCAUCGAGACCA,...............(((...[[[[[[)))...]]]]]]...,PKB16
GAGGUGCUUGUAGAUAACCUCCACGAUGGUGCACCUUGGGCAACACAAAAGUGGCAAAUCAUCUACA,(((((((.[[[[[[[[(((.[[.....))))))))))]]....(((....))).....].]]]]]]],PKB340
UAGUGUCUUGGAGCGCGCGGAGUAAACAUAUAUGGUUCAUAUAUGUCCGUAGGCACGUAAAAAAAGCGAG,..((((((....[[[[((((.....((((((((.....)))))))))))))))))).........]]]].,PKB139
AGGGCGGGUACUGCCGUAAGUGCCA,..(((.[[[[[[)))...]]]]]].,PKB294
GGGUGGCGCACACCACAGUGCGUA,.(((.[[[[[[)))...]]]]]].,PKB250
CGGUAGAAAAGAUGGUUUAAACCACGCCUUCUACCAAGUUAGUAAAUAAAUAGGCGG,.((((((.....((((....))))[[[[[))))))................]]]]].,PKB259
UUUCCUAUACCUCGAGUCGGGUUUGGAAUCUAAGGUUGACUCG,.((((...((((.[[[[[))))..)))).........]]]]].,PKB224
UUUAAACUGCUAGCCGCCAGCGGCUUGACCCGCUGUGGUCGCGGCGGCUUGGUUGUUACUGAGACAGCGGUA,............((((((.((((((....[[[[[[[))))))))))))...............]]]]]]]..,PKB218
AGUCCCAAUGGGGUCCUCUUCGGAGCGACCCAAGCCCAACGGCUGGCUUCGGCUGGGACCAUGGCGAGAGUUCGUGGGCG,.(((((....((((((((....))).)))))..[[[[.[[[[[[(((....)))))))).........]]]].]]]]]].,PKB307
UCUAGGUGCCUUUGAGAGUUACUCUUUGCUCUCUUCGGAAGAACCCUUAGGGGUUCGUGCAUGGGCUUGCAUAGCAAGUCUUAGAAUGCGGGUACCGUACAGUGUUGAAAAACACUGUAAAUCUCUAAAAGAGACCA,....(((((((..((((((..[[[[[[)))))).......((((((....))))))..(((((((((((.....)))))))....))))))))))).((((((((......))))))))........]]]]]]....,PKB134
AAAAAACUAAUAGAGGGGGGACUUAGCGCCCCCCAAACCGUAACCCC,..............[[[[[[.....(((]]]]]]....)))......,PKB1
GGUGGUGCAACUCCCCCGUCCUCCCGAACGUCAUCGGGACCA,................(((..[[[[[[)))...]]]]]]...,PKB7
UUGUCGUUGGGAUGGAACGCAAUUAAAUACAUGUGUGACGUGUAUUUGCGAACGACGUAAUUAUUUUUCAG,.(((((((....[[[[[(((....(((((((((.....)))))))))))))))))))........]]]]].,PKB143
ACCCUACUGUGCUAACCGAACCAGAUAACGGUACAGUAGGGGUAAAUUCUCCGCAUUCGGUGCGGAAAAAAAA,.((((((((((((.[[[[[[.........)))))))))))).....((.(((((.]]]]]]))))).))....,PKB169
UAGUGUUUUUCGUUCCACUUAAAUCGAAACGAU,.((((....[[[[[[))))......].]]]]].,PKB112
ACCGUCGUUCCCGACGUAAAAGGGAUGU,..((((..[[[[)))).....]]]]...,PKB289
CAGUGUUUUUCCCUCCACUUAAAUCGAAGGGU,.((((.....[[[[[))))......].]]]].,PKB84
GCCCCAUGGAGGUGGCUGGGGCCAGCCUCAUGGAGGUGGCUGGGG,...((((((............[[[[[[))))))....]]]]]]..,PKB207
GAGCCCCUGACUGGGUUAAAGUCACA,.(((((.[[[[[)))))..]]]]]..,PKB154
GGGGGCCACAGCAGAAGCGUUCACGUCGCGGCCCCUGUCAGAUUCUGGUGAAUCUGCGAAUUCUGCU,(((((((..[[[[[[[(((..[....))))))))))].(((((((....)))))))....]]]]]]],PKB317|PKB321|PKB320
CCCAGCCUUGGGGUGGCUGGUCAAUAAAAACCCCC,.((((((..[[[[[)))))).........]]]]].,PKB245
GGACAACGAAAUCGGCCUCUGCAACCUCCACGUGGUGUUGUCUGGGAACCUGAUCAAAACUACCGAGUUUGAUCAGGCCAAUGCAGAG,(((((((.........[[[[[[[(((.[[....))))))))))]]...((((((((((.........))))))))))....]]]]]]],PKB342
UUCCAACAAGAAGGCGUCUGAGCGCAUCUUUCUCAGAUCUUGUUGAUGUUUCCAAUAAUAUCAAUUGAUAUUAUUGAUGCCUCUAAUUUAUAGAGAUGC,...((((((((.....((((((..[[[[[[[)))))))))))))).......((((((((((....))))))))))...............]]]]]]].,PKB382
AGAGAGUUAUUCGCUCCUCUCGAGAUUGAGCGGC,.(((((....[[[[[[)))))......]]]]]].,PKB241
AGCCCCGAUGGACGGACCGCGAGGACCGUCAAGCCUAGCAGGUACCUUCGGGUGGGGCCUUGCGAUACCUGCGGGC,.(((((....(((((.((....)).)))))...[[[.[[[[[[(((....))))))))........]]]]]]]]].,PKB303
CAUUUUUCUGAUUGUCUACAGGUUGGCUAUUAGAAAAGAAAGAUCAGCUGAGUCCUUUGGACCUGAUCAACUUCAUCCAGGAGCUACUGACUUCAACUACUUCGGCCUAACUCUCUGAAACGAUGAAUUA,........(((((([[.[.[[[[[[[[[...[[.[..[[[[[.[[[[...[[[..[[[[[[..))))))......]]]]]].]]].]]]].]]]]].].]]..]]]].]]]].].]]]............,PKB310
CUUUUGGUUUCUACAGUUUUUUCCAAAAAAAAAAAAAAA,.((((((.........[[[[[[))))))...]]]]]]..,PKB172
CGGUUUUUCAGAUUAGGUAGUCGAAAAACCUAAGAAAUUUACCUG,.((((((...(((.[[[[[)))..)))))).........]]]]].,PKB221
GGGUGGCUGAUACCAAAAUCAGCA,.(((.[[[[[[)))...]]]]]].,PKB93
GACCGTGCACCATGAGCACGAATCCTAAACCTCA,((.((((.....[[[[))))..))......]]]],PKB246
AGGGGUAAAACCCCUCGCCUACGUAAGCGUUAUUACGCCC,...............(((...[[[[[)))...]]]]]...,PKB130
CCUCGGGCACGCGCUGAAAGUGCCCGUUGGAAGGAUUGCGA,...(((((((.[[[.....)))))))...........]]].,PKB372
GGGAAACAACAGGAGGGGGCCACGUGUGGUGCCGUCCGCGCCCCCUAUGUUGUAACAGAAGCACCACC,.............(((((((.....[[[[[[[.......)))))))..............]]]]]]].,PKB280
CCUUCGCUCGGAAGUAAAACGACAA,.((((..[[[)))).....]]]...,PKB288
CGCUCCUCGCUUGAGCUUGAGGCGGC,.((((.[[[[[[))))...]]]]]].,PKB101
GAGUGUUUGCAAGUCCACUAUAAUCGAACUUGA,.((((....[[[[[[))))......].]]]]].,PKB153
UUUGUUUUUUAGCUGUGCUGGGUGCGAGUGUGGCAGCGGCUCGUGCCUACGAACACACCGCUGUCAUGCC,..................(((((((((((.[[[[[[[[))))))))))).........]]]]]]]]....,PKB353
GGGGUUCAAAUCCCCCCCCGAACCGGAGGGUUAUCCGGCCCA,...............(((....[[[[[)))...]]]]]....,PKB182
AGCUGCCCUUGGGUUUUACUCCUUGAACCCUUCGGAAGAACUCUUUGGAGUUCGUACCAGUACCUCACAUAGUGAGGUAAUAAGACUGGUGGGCAGCGCCUAGUCGAAAGACUAGGUGAUCUCUAAGGAGACCA,.(((((((..((((((..[[[[[[)))))).......((((((....))))))..((((((((((((.....)))))))......))))))))))))((((((((....)))))))).......]]]]]]....,PKB136
UAUAUACUAGGUUGGCAUUUUGAGCGCAUCUUACUCAAAUCCUAGUAUUUCCAUUAAUAUCUAAUGAUAUUAAUGAUGCCUCUUAAUAUAAGAGAUGC,...((((((((.......((((((..[[[[[[.)))))).))))))))...((((((((((....))))))))))................]]]]]].,PKB384
UCGUGGUGCAUACGAAAAUGCAUA,.(((.[[[[[[)))...]]]]]].,PKB113
GGGGUGCAACUCCCCCCCUUAACUAGAGGGAAAUCUAGCCC,...............(((....[[[[[)))...]]]]]...,PKB38
GGGGAAGAAGAUGACAACCUUCUCGCGGUCUUCCCUGUUACGUGUGUAGACACAACGAAUGUCAUC,(((((((..[[[[[[[(((..[....))))))))))].(..((((....)))).)....]]]]]]],PKB338
CGGUCAUAAGAGAUAAGCUAGCGUCCUAAUCUAUCCCGGGUUAUGGCGCGAAACUCAGGGA,(((((((((........................[[[[[[[))))))).))...]]].]]]],PKB69
AAGGAGACACAGUACAUUCUUCUGAUCAUCUGCAGAUCAGCAAUUAGAAAAGAAAGAUCAGCUACCUCCUUGGGACCUGAUCAUAACACAGGAGCUACCGAUUUCAACUACUCCGGCCUAACUCUCUCCUAAACAAUGAAAUAUA,......................(((((([..[.[[[...[[....[[....[[[[[[[[.[.[[.....[[[[....)))))).....]]]]...]]].]]]]]]]]...]]...]].....]]]..]..]..............,PKB309
AGUCCCAAGGGGGUACUCUACGGAGCGACCCAAGCCCAACGGCUGGCUUAGGCUGGGACGAACGAUAGUCCGUGGGCG,.(((((....((((.(((....)))..))))..[[[[.[[[[[[(((....)))))))).......]]]].]]]]]].,PKB306
GGGGGCCACAGCAGAAGCGUUCACGUCGCGGCCCCUGUCAGAUUCUGGCGAAUCUGCGAAUUCUGCU,(((((((..[[[[[[[(((..[....))))))))))].(((((((....)))))))....]]]]]]],PKB319
CGCUCAACUCAUGGAGCGCACGACGGAUCACCAUCGAUUCGACAUGAG,(((((..[[[[[[))))).....((((((......)))))).]]]]]],PKB133
CGCCCGAACUAAGCGCCCGGAAAAAGGCUUAGUUGACGAGGAUGGAGGUUAUCGAAUUUCGCGGAUCCUCCCG,.(((((((((((((............)))))))).........[[[[[....(((...))))))))]]]]]..,PKB276
GGGAAACGGACUGAGGGGCCAGCCCCAGGCCCCGAAACAAGCUUAUGGGGCG,..............((((((.[[[[[[))))))............]]]]]].,PKB107
ACCGUCCGGCCCGACGUAAAAGGGUGGUAA,..((((...[[[)))).....]]]......,PKB286
GACCCUUAGUUAUUUAGCUUUACCGCCCAGGAUGGGGUGCAGCGUUCCUGCAAUAUCCAGGGCA,.((((..((((....)))).....[[[[.[[[[[))))((((.....))))..]]]]].]]]].,PKB215
AGUUCAUAUGCCCACCUUUGCUUGUCUCCGGGUGGAUGCCUCAUGGUGCUAUGAAUGCCUAUAAUUGAAAUAUUAUAGAUGCCUAAUUUUCCUCUCUUGAGGAAAAUUAGAUGCCUCCAAGGGAGAAGC,.(((((((.((((((((.......[[[[[))))))............)))))))))..(((((((......)))))))....((((((((((((....))))))))))))...........]]]]]...,PKB386
UGAUCAUCUGAAGAUCAGCUAUUGGAAGAGAAAGAUCAGCCAAGUCCUUUGGACCUGAUCAACUUGAUACGAGAACUACUGAUUUCAACUUCUUUGGCUGAGCUCUCUCCGAAACAAUGA,(((((([[.[[[[[[[[[[[[..[[[[[.[[[[[[[[[[...[[[..[[[[....))))))........]]]].]]].]]]]]]]]]]]]]]].]]]]]]]..]]].]].]]........,PKB311
GCCUUGCAACAGUUGGCCGAUGGGCUGGGCAAGGGGGUCUGGAGCAAUCCUGACCUCCCGGCUGCAAGGAUAACUACAUGGGCU,.((((((..(((...[[[[[[[..))).(((((((((((((((....))))))))))))))).)))))).......]]]]]]].,PKB234
GGGGUGCAAAUCCCCCCCUUUACUUGAGGGAAAUCAAGCCC,...............(((....[[[[[)))...]]]]]...,PKB36
UAGUGCUUUCCCGUUCACUUAAAUCGAACGGUU,.((((.....[[[[[))))......].]]]]..,PKB91
GGAGAAUAUGGAUUUGAUUGUGCAGAGGGGGUGCAAUACCGUAACUCGUAAGCCAUGCAAUCAGAUCAAGUCGACUCAAAACCUCCUCGUGGUAUUCUCUGGGUGCCAGUAUUUACUGGUAGCUGAUUUGAGCGGCGAAA,(((((((...................................................................[[[[[[(((.[[....))))))))))]].(((((((....))))))).....]]]]]]........,PKB356
GGGGUGCAACUCCCCCGUCUAUCCUGGACGUCACCAGGACCA,...............(((...[[[[[[)))...]]]]]]...,PKB9|PKB6
GGGGAGCAUUACCCCCCCAAAACCCUGGGGAUACAGGGCCCA,...............(((....[[[[[)))...]]]]]....,PKB17
UUAAACAAAUUUUCUUAAAAUUUCUGAGGUUUGUUUAUUUCUUUUAUCAGUAAAU,.((((((((((.........[[[[[[[)))))))))).........]]]].]]].,PKB244
CGAUACUACUAGUUGUAUCAAAACAAAACUAA,.(((((...[[[[[))))).......]]]]].,PKB160
CAGGAGAGCAUACGCUAGGUCGCGUUGACUAUCCUUAUAUAUGACCUG,.((((.((((.((((.[[[[[)))))).)).)))).......]]]]].,PKB230
ACCGCCUACCCCGGCGUUAACGGGGAACAA,..((((..[[[[)))).....]]]].....,PKB284
CUUCUUAUAUGAUUAGGUUGUCAUUUAGAAUAAGAAAAUAACCUG,.((((...(((((.[[[[[)))))..)))).........]]]]].,PKB216
UGUGUCUUGGAUCGCGCGGGUCAAAUGUAUAUGGUUCAUAUACAUCCGCAGGCACGUAAUAAAGCGA,(((((((....[[[[((((.....((((((((.....))))))))))))))))))).......]]]],PKB57
UGCCAGCUAUGAGGUAAAGUGUCAUAGC,((((.[[[[[[[)))).....]]]]]]],PKB74
GGACCGUCAGAGGACACGGUUAAAAAGUCCUCU,..(((((..[[[[[[)))))......]]]]]].,PKB176
GAAAACAAAUCGCUUAAUCUGAAAUCAGAGCGGGGGACCCAAUAGAACGGCUUUUUGCCGUUGGGGUGAAUCCUUUUUAGGUAGGGCUAACUCUCAUAUGCCCGAAUCCGUCAGCUAACCUCGUAAGCGUUCGUGAGAGG,.......((.(((((..((((....))))(((((((..((.....((((((.....))))))((((((..((((....))))(((((...[[[[[[...))))))))))..).))..))))))))))))))..]]]]]].,PKB381
ACAGAGCGCGUACUGUCUGACGACGUAUCCGCGCGGACUAGAAGGCUGGUGCCUCGUCCAACAAAUAGAUACA,((((.[[[[[..))))........(((((]]]]]((((....((((....)))).))))........))))).,PKB173
UUUCACUGCGGAUAUGUAGGUUUCCUCGGUGAAUAUAAAACUUAUAUCCC,.(((((...[[[[[((.(((...))))))))))...........]]]]].,PKB146
UGCGCUUGCCUAUUUAGGCAUACUUCUCAGGAUGGCGCGUUGCAGUCCAACAAGAUCCAGGGAC,.((((..((((....)))).....[[[[.[[[[.))))((((.....))))...]]]].]]]].,PKB226
GCCAGAGAGGUGCAGGCUAUAGCUGCCAUCGGCUGACCUAGAGAAGACACAUCAGCUGAUCCUUUGGACCCUCUGACUUGAGACAGAAGUUCUGGGCUUCUCCUCCUGCGGCCUAGCUCUGAGACAAUGA,.....(((((..[[[[[[[...........[[[[[....[[[[........[[[[....(((...))).))))).((((.......)))).]]]].......]].]].]]]]]]]].]]]].........,PKB312
GGGAAACGAGCCAAGUGGCGCCGACCACUUAAAAACACCGGAA,.............(((((..[[[.))))).........]]]..,PKB281
UGUUCCUUGGAUUGCUACGUUCACCAGAUUUGUGUAAUCUGGCCGUUAGGAACUUAAAAUUGCGCG,.((((((.....[[[((((....(((((((.....))))))).))))))))))........]]]..,PKB248
UAGGGGGGUCGGGGUCAGGAGCCCCCCCCUGAACCCAGGAUAACCCUCAAAGUCGGGGGGCAA,...........((((((((.[[[[[[[)))).))))..................]]]]]]]..,PKB99
UUGUUGAAUCAGUACAAUAACUGAUA,.(((...[[[[[[)))...]]]]]].,PKB157
CAGUAGUCCUGAACUAGUAAAUCAGGACC,.(((.[[[[[[[)))......]]]]]]].,PKB124
UAGGAGAGUCAGGGCCAGGACCCCCCCCCCUGAGCCCAGGAUAACCUUAAGAAUAGGGGGGC,...........((((((((...[[[[[[)))).))))..................]]]]]].,PKB88
UUUUCCGGCGGCGCAAGUUCGCGUCGUCGUAAGCCUGGACACCCAUGUUCGCAUCGGUCUCCGGGCAAAUACAAGAACCC,.....(((((((((..[[[[)))))))))...(((((((.(((.(((....))).))).)))))))........]]]]..,PKB363
UUUUGUUUUGGUCUUCCCGAACGCAUACGUUAGUGUGACUACCGUUGUUCGAAACAAGUAAAACAGGAAGG,.(((((((....[[[[[((((((...(((.(((.....))).)))))))))))))))).......]]]]].,PKB142
GCUGCUCAUAUAUGCUACCUCUCCGUGGUGAGCAGUAGGCAACGGAUCUCUAUCCGGCUAAAGCAUGUG,(((((((.[[[[[[[[(((.[[....))))))))))]]....(((((....))))).....]]]]]]]],PKB339
UGGUGGUGCACACCAAAGUGCAUA,.(((.[[[[[[)))...]]]]]].,PKB90
GGUUGCCGAAUCCGAAAGGUACGGAGGAACCGCUUUUUGGGGUUAAUCUGCAGUGAAGCUGCAGUAGGGAUACCUUCUGUCCCGCACCCGACAGCUAACUCCGGAGGCAAUAAAGGAAGGAG,...(((((..(((....)))(((((((..((.......((((((..(((((((.....)))))))((((((.[[[[[[))))))))))))...))..)))))))))))).....]]]]]]..,PKB379
GGGAAACGGGAAGGCGGCGGCGUCCGCCGUAACAAACGC,............(((((..[[[[))))).......]]]],PKB46
GGUGCAAAUCCCCCGCUGAAACGGAGCGAUAUCCGUCCCA,.............(((....[[[[[)))...]]]]]....,PKB34|PKB33
GGACGAGGAGCGCUGCAAGCGAGAGCCCAGGCUCGUCCGUUCAAACGGCGCUCA,((((((([[[[[[.....((....)).....))))))).........]]]]]].,PKB343
UAGUGUUUUUCCCUCCACUUAAAUCGAAGGGU,.((((.....[[[[[))))......].]]]].,PKB97|PKB105
UCGCAAGGGUAUCAUGGCGGACGACCGGGGUUCGAACCCCGGAUCCGGCCGUCCGCCGUGAUCCAUGCGGUUACCGCCCGCGUGUCGAACCCAGGUGUGCGA,(((((.((((.((((((((((((.(((((.((........)).))))).))))))))))))..(((((((...[[..)))))))....)))).]]..))))),PKB377
GUUUGUAUUCCGACUGUUUGUUUCUCCCAGUCGAUGCCUGUUGGUGUUUACAGACGAGUAUGGUAUUGACCAUAUGUUCCUAUUCUCUCUCUCAGGAGAGGAGAAUAGAUGCCUCCAAAGGAGUCGC,(((((((...((((((.......[[[[))))))(((((....))))).)))))))..(((((((....)))))))....((((((((((((....)))).))))))))...........]]]]....,PKB392
AGGGCGGGUCCUGCCGAAAGUGCCAA,..(((.[[[.[[)))...]].]]]..,PKB296
GCGAUUUCUGACCGCUUUUUUGUCAG,(((....[[[[[)))......]]]]],PKB81
UAGUGUUUACCGUUCCACUUAAAUCGAAACGGA,.((((....[[[[[[))))......].]]]]].,PKB114
UUCUGUUUUUCGAACAGAUGUAAAUCGAAGA,.(((((.[[[[[[)))))......]]]]]].,PKB184
ACGUGGUCUUCACGAUAGAAGAUG,.(((.[[[[[[)))...]]]]]].,PKB203
CGGUUUUCCUAAAUCGUCGUGAGACGGACCUUGGAAAACCUAGUAUUUAAAUAACUAGGUC,.((((((((.....((((....))))[[[[[.))))))))................]]]]],PKB265
GGGGGCCAUUGAAGGAGCGUUCACGUCGCGGUCCCUGUCAGGUGAAAAUCUGCGAAUCCUUCAA,(((((((.[[[[[[[[(((..[....))))))))))].(((((....)))))....]]]]]]]],PKB331
UAUUCGGUAGGUUUCUUUUUAGUGAUUUUUCCAAACCCAUUCUUCUCUUCGUUAGUAUAUUUGACUCGGUUCUAUUUCAAUGUGUCGCAUUGAAAUAGAAAUCCUUUGUGCAUAAAAUCAUUUACCUCAA,.........(((((......[[[[[[[[[[[[)))))........................................................................]]].]]]]]]]]]........,PKB360
GGCCUAAAAGAUGAUCUUCUUGAAAAUUUGCAGGCCUACCAGAAACGGAUGGGAGUGCAGAUGC,((((...((((......))))....[[[[[[[))))(.(((........))).).]]]]]]]..,PKB367
GGGUUGCACAGGAGCAGGGUCCACGUCCCGCAACCUGGGUGUCAUGAUUUCUUGAAGCCAUGAUAGCUGAUGCUCCU,(((((((..[[[[[[[(((.[[....))))))))))]].(((((((.(((....))).))))))).....]]]]]]],PKB334
CAUUGUUCUGAUCAUCUGAAGAUCAGCUAUUAGAAGAGAAAGAUCAGUUAAGUCCUUUGGACCUGAUCAGCUUGAUACAAGAACUACUGAUUUCAACUUCUUUGGCUUAAUUCUCUCGGA,.......((((((([[[[[[[[..[[[[[..[[[[[....[[[[[[[[..[[[..[[[[....))))))).......]]]].]]]]]]]]]]]...]]]]].]]]]]....]]].]]]]],PKB236
GACACCCUUGGCAGAUGACCUCCUCGUUGGUGGGUGUCGGUAAUGUUGUCAGUCACAGGCAACAGCUAACGAUCUGCC,(((((((..[[[[[[[[(((.[[.....))))))))))]]...(((((((.(...).))))))).....].]]]]]]],PKB325
CCGUCGUUUCCGACGUAAAAGGAAGCAA,.((((..[[[[)))).....]]]]....,PKB282
GGGGAAACAUGGGGUAAAGGUGAGUAGAGGGGGAGUAUUUUUAUACUCUGCAACUCAUAAGUCUUGCCUUUACUCAAGUCGACUCAAAACCUCCUCGUGGUGUUUCCCGGUAAUGUUAAACUUGUUUAGCAGCUAAUUUGAGCGGCGAAU,.(((((((..........................................................................[[[[[[(((.[[....))))))))))]]..((((((((....))))))))....]]]]]]........,PKB355
AUGUUUAGAAGAUUAGGUAGUCUCUAAACAGAACAAUUUACCUG,.(((((...((((.[[[[[))))..)))))........]]]]].,PKB227
UAUAACCUUCACCAAUUAGGUUCAAAUAAGUGGUA,...((((...[[[[[[[[))))....]]]]]]]].,PKB108
UUAAGGAGGAUCAAAGGACUGAGAUGCAGAAGGGCCAUAUCAUUUGAAUAUGCUAUGUCGUACGUCAUAAGACAUCAAAGUCAAGUCGACUCGUAGACACUCUGUGUCCCACAAUUCAUUUGUGGCCUCCUCGUGGUAUCCUCCGGGUGCUAAAUUCAGUGUAGUUCUGAUUAGCAGCUAAUUCGAGCGA,....(((((((...........................................................................................................[[[[[[(((.[[....))))))))))]].((((((.................)))))).....]]]]]]...,PKB358
UUUAAAUGGGCAAGCGGCACCGUCCGCCAAAACAAACGG,.............((((..[[[[))))........]]]],PKB43
CUCGCUCAAACAUUAAGUGGUGUUGUGCGAAAAGAAUCUCACUUCAA,.((((...(((((.[[[[[)))))..)))).........]]]]]...,PKB190
UGCUCCUGAUGUCCCUCACCCACCCCUGAAGAUCCCAGGUGGGCGAGGGAACAGUCAGCGGGAUCACAGU,............(((((.((((((......[[[[[[.)))))).)))))..........]]]]]].....,PKB177
CCGUGGCGAGUACGAUAACUCGUA,.(((.[[[[[[)))...]]]]]].,PKB96
UAGUGUUUGCCGUUCCACUUAAAUCGAAACGGA,.((((....[[[[[[))))......].]]]]].,PKB110
UUGUGUCAGACGCGUGUAAGGAGUGGUCAACCUUACGACACAUUUAAAUAAUGCGUCC,.(((((..[[[[[[(((((((.........)))))))))))).........]]]]]].,PKB145
CUGCAGGUCAACGGAUCAUCUUCAGAUCAGCUAUUGCAGAAGAAAGGUCAGCCAAGCGCUCUGGGCCUGAUCGACUGUAUAUAGGAGCUUCUGAUUUCAACCAGAAGCUAACUCUCUCCGAAACAAUGAG,.............((((([[...[[[..[[[..[[......[[[[[[[[[[..[[[[..[[[[....))))).........]]]].]]]]]]]]]]]]]]....]]]]]...]]]....]].........,PKB313
GUUAAACCAUCACUGUGUACUGGCCAAUAAACCCAGUAUCCCGUUCGACCGAGCCCGCUUAUCGGUAU,(((.(((....((((.[[[[[[[..........)))).....))).)))............]]]]]]],PKB68
CAAAGUCCUAUAAACCUCAAUAAUCCCUCGUUAGGAGGGACACGCGAGGACUUUGGCGUGCC,.((((((((..............((((((.....))))))[[[[[.)))))))).]]]]]..,PKB270
GCCUCAUGGUGGUGGCUGGGGGCAGCCUCAUGGUGGUGGCUGGGG,...((((((.............[[[[[))))))....]]]]]...,PKB206
UAAUGUCGCAGGUGGCAUUUUAAAAUAAGACCUGA,.((((((.[[[[[))))))..........]]]]].,PKB162
GGGAUCGUCAGUGCAUUGAGAUGUUUCUCAGACUGAUUAUCGUGAGACAGUGAUCUCGUGGUCAGUCCUAGUUUGGGGGCUGGUCCUCACGGUGGUAUCCCCAAGGGGUA,((((((.(((((...((((((....))))))))))).[[[[[[[[[.....)))))).....(((((((......)))))))...]]]]]]]]].((((((...)))))),PKB252
GGGGGCCAUUGAAGGAGCGUUCACGUCGCGGUCCCUGUCAGAUGAAAAUCUGCGAAUCCUUCAA,(((((((.[[[[[[[[(((..[....))))))))))].(((((....)))))....]]]]]]]],PKB330
CUCUGUUGAUCAAACAGAAAUAAAUUGAUUA,.(((((.[[[[[[)))))......]]]]]].,PKB195
ACACUACAUGCAGCGCUCUAGGUGUGUAGUGACAGUAAGCGCGC,.((((((((((.[[[[[....))))))))))......]]]]]..,PKB375
AGUGUUUGUCCCUCCACUUAAAUCGAAGGG,((((.....[[[[[))))......].]]]],PKB58
CCCUUUUCAGCUGGGCCUUCUGGUGAUGUUUCUGGCCACCCAGGAGGUCCUUCGCAAGAGGUGGACGGCCAGAUUGA,............(((((((((((.......[[[[[[[..))))))))))).((....)).......]]]]]]]....,PKB348
GUUUGUUAGUGGCGUGUCCGUCCGCAGCUGGCAAGCGAAUGUAAAGACUGAC,((((((((((.(((.[[[.[[[))).)))))))))).........]]].]]],PKB52
GGGGUUCGAAUCCCCCCUUUUCCCCGGGUAGGGGCCCA,...............(((...[[[[)))..]]]]....,PKB20
AGUUCUCCUUAGAGUGUGUGUUGUUUACCCAACGCACUGUCCCUAUGGGGGGCCAACAUAGGUCCA,.(((((((.......((((((((......))))))))....[[[[[)))))))....]]]]]....,PKB269
UUAGGUUAGCUAUUUAGCUUUACGUUCCAGGAUGCCUAGUGGCAGCCCCACAAUAUCCAGGAAG,.((((..((((....)))).....[[[[.[[[[[))))((((.....))))..]]]]].]]]].,PKB223
AGGGGCCACAGCAGAAGCGUUCACGUCGCGGCCCCUGUCAGAUUCUGGUGAAUCUGCGAAUUCUGCU,(((((((..[[[[[[[(((..[....))))))))))].(((((((....)))))))....]]]]]]],PKB322
UUAGGUUAACUAUUUAGUUUUACUGUUCAGGAUGCCUAUUGGCAGCCCCAUAAUAUCCAGGACA,.((((..((((....)))).....[[[[.[[[[[)))).(((.....)))...]]]]].]]]].,PKB220
ACGUCGUGCAGUACGGUAAACUGCACA,.(((.[[[[[[[)))....]]]]]]].,PKB183
AGUAGAAAAGUUGGUGCUUAGACCACGCCCUCUACCGUAAUAAUAGAUAAAUAGGCG,.(((((.....((((......))))[[[[.)))))..................]]]],PKB260
ACUGAUGAUCUUACAGUGGAGGAUGAAGAAGAUGGCCAUCGGAUCCUCA,.((((((...........[[[[[[............))))))]]]]]].,PKB274
UUUUCCGGUGGUCUGGUCCCGGACCACCGUUACUCCAUUCAGCUUCUUCGGAACCUGUUCGGAGGAAUUAAACGGGCACC,.....((((((((((.[[[))))))))))...((((...(((.(((....))).)))...)))).........]]]....,PKB361
GGGGUGCAAAUCCCCCCCUAACUUGAGGGAAAUCAAGCCCC,...............(((...[[[[[)))...]]]]]....,PKB39|PKB41
GAGGGAUCUGGGGUAAUUGCGAGCAGAGGGGGAGUAUUUUUCUGUAAUUCGUAAGUCAUAUCAUAUGGUGUGCGGAAGGGGAAUUUUACUCUGUAACUCACAAGUCUCUCCUUUACUCAAGUCGACUCAAAACCUCCUCGUGGUGGUCCCCGGUAAUGCUAAACUUGUUUAGCAGCUAAUUUGAGCGGCA,..((((((.....................................................................................................................[[[[[[(((.[[....))))))))).]]..((((((((....))))))))....]]]]]].....,PKB354
GGGGUGCAAAUCCCCCCCUUAACUUGAGGGAAAUCAAGCCC,...............(((....[[[[[)))...]]]]]...,PKB37
UUCCAGGACAUACUGCUGAGGAUGUCAAAAAUGCAGUUGGAGUCCUCA,.(((((...........[[[[[[.............)))))]]]]]].,PKB273
UCCGUCCAAGCCGCGGACGUUAAACUGUGGCACGGUUGUGCCUAGGUGCAACCCUGCUACUAAUGGCGGUACCCCUGCCC,..(((((..[[[[[))))).......((((((.((((((((....)))))))).)))))).....]]]]]..........,PKB366
AGUCUAAUUUGUCGGGCUGAGACAAAUC,.((((.[[[[[[[))))...]]]]]]].,PKB200
GGCGUUCUACAGUACGUUUAAACUGUAGG,..(((.[[[[[[[))).....]]]]]]].,PKB201
UGAUGUGCAGCUUCUUAGGUGCAUCUCGUAUAGAAGCG,.(((((((.[[[[[[...)))))))......]]]]]].,PKB370
AAGUCUAUAUGCCCACCUUUGCUACUCCGGGUGGAUGUUCUAAGUGUAUAUAGAUGCCUAUAUUUGAAAUAAUAUAGAUGCCCAAACUCUCUCUCAUGGAGAGAGAAUGGAUGCCUCCGAAGGAGAUGC,..((((((((((((((((......[[[[))))))...........))))))))))..(((((((......)))))))....(((..(((((((.....)))))))..)))...........]]]]....,PKB389
ACGUGAAGGCUACGAUAGUGCCAG,.((((..[[[)))).....]]]..,PKB295|PKB293
ACAGGCUAGGACCGGCCUGAUAAAGGUCCG,.((((((.[[[[[)))))).....]]]]].,PKB369
GGGGUUCAUGUUGUCGACCUUCACGUGGUGAGCCCUGUCAACUGACUGCUGUCAGGCUAACAGACAAC,(((((((..[[[[[[[(((..[....))))))))))]....(((((....))))).....].]]]]]],PKB332
UAACGUUGAUAGUGUUGAACUAUC,((((((.[[[[))))))...]]]],PKB56
AAGUGUUUUCAUGUCCACUUAAAUCGAACAUGAAC,.((((..[[[[[[[[))))......].]]]]]]].,PKB167
CGAGGGGCGGUUGGCCUCGUAAAAAGCCGC,(((((.[[[[[[..))))).....]]]]]],PKB49
CGCCGACGUGGCUGUAUAAUACGUC,.(((.[[[[)))........]]]].,PKB103
AAAAAACGGGAAGCAAGGGGCUCAAGGGAGGCCCCAGAAACAAACUUUCCCGAU,................[[[[[[...((((]]]]]]............))))...,PKB3
CAGAGUUAUCAUACUCUAUAAACUAUGAC,.((((...[[[[[))))......]]]]].,PKB204
AAUGCAACUUUUAAAUAGUUUAUCUGUUAAGAUAAACCACCUAGGUUGCAUAUAUAAAAAAUAAAAGGUGCC,.(((((((((.......((((((((....))))))))[[[[[)))))))))..............]]]]]..,PKB267
UCCUUUUCAGUUAGGCCUUCUGGUGAUGUUUCUGGCCACCCAGGAGGUCUUGAGGAAGAGGUGGACGGCCAGACUUACUC,............(((((((((((.......[[[[[[[..)))))))))))................]]]]]]].......,PKB349
GAACGAGGCCCCGCGUGAAUUGGGGUG,..(((..[[[[[[)))....]]]]]].,PKB126
GGCACGAUCGGGCUCGCUGCCUUUUCGUCCGAGAGCUCGAA,((((((.[[[[[[[)).))))............]]]]]]].,PKB376
AUAAUAGAAUAGGACGUUUGGUUCUAUUUUGUUGGUUUCUAGGACCAUCGU,.((((((((((...[[..[[[[[[)))))))))).......]]]]]].]].,PKB147
GGGGUUCAAUUCCCCCCCCAUCCGGAGGGUUAUCCGGCCC,...............(((...[[[[[)))...]]]]]...,PKB31
UCACGCACUUUUCCGGUGGUCCGGACCCAGACCACCGUCACUCCAUUCAGCUUCUUCGGAACCUGUUCGGAGGAAUUAAAUGGGCACCCA,.............((((((((....[[[[))))))))((.((((...(((.(((....))).)))...))))))......]]]]......,PKB362
GGGCGGGUGUCGCCAGAAAUCACCG,.(((.[[[[[.)))....].]]]].,PKB159
UUUAAACUGCUAGCCACCUCUGGUCUCGACCGCUGUACUAGAGGUGGGCUGACGGUGUYUGGCGAUGCGGUCA,.............(((((((((((...[[[[[[...)))))))))))...................]]]]]].,PKB217
AAGUCCAUGGUGAGGGGACUUGAUACCUCACCG,.(((((..[[[[[[[))))).....]]]]]]].,PKB297
UGGGUGCGACUCCCCCCCCUCCCGUGGGUCAACGGGAACCA,..............(((..[[[[[[)))...]]]]]]....,PKB15
AAGAUAUCUGUACCGUCUUCUCCCCGACGGUUUCAAUCCAUAGCUUCACGUUGUGUAGCGUAGGUGGAAGGUAUCGUGUGGUGUAUAAACACCACAUAGUCUCUUAGGGGAGACCA,..(((((((..((((((..[[[[[[)))))).....(((((.((((((.....))))))....))))))))))))(((((((((....))))))))).........]]]]]]....,PKB135
UCCUUUUCAGCUGGGCCUUCUGGUCGUGUUCUUGGCCACCCAGGAGGUCCUUCGCAAGAGGUGGACAGCCAAGAU,............(((((((((((......[[[[[[[...))))))))))).((....))........]]]]]]].,PKB346
AGACAUAUAUGCCUAUUGCCCCCUGUAGGAGUGCACUAGAUGUUGCGUGAAGAUAUUUCUUCAUUUGCCCUACCAAAAGGUAGGAUGCCCCUUUAAGGGAGGC,.(((((.(((((((((....[[[[)))))....)).)).)))))..(((((((....)))))))....((((((....))))))...........]]]]....,PKB394
CGACACUCUAAAGAGUUCCGUGAGGAACCACCUUGAGUGUCUAGUUAUAAAUAAACUAGGUC,.(((((((......(((((....))))).[[[[.)))))))................]]]].,PKB263
AUUCAGGUGAUUUGCUACCUUUAAGUGCAGCUAGAAAUUC,....((((....[[[.))))......]]]...........,PKB359
GGGAAACGGGCAGGCGGCGGCGACCGCCGAAACAACCGC,............(((((..[[[.)))))........]]],PKB44
GGCUUAUCAAGAGAGGUGGAGGGACUGGCCCGAUGAAACCCGGCAACCAGAAAUGGUGCCAAUUCCUGCAGCGGAAACGUUGAAAGAUGAGCCA,((((((((....(.(((((((((.[[[[)))...)))))))(((..(((....))).)))...(]]]](((((....)))))..))))))))).,PKB344
UUAGAGUGUUCAAAGCCAGGCGUUUGCCGUGAAUACAUUAGCAUGGAA,.((..((.[[[[..))(((((....))).))..))........]]]].,PKB205
AGUGUUUUUCCCUCCACUUAAAUCGAAGGG,((((.....[[[[[))))......].]]]],PKB55
UCGUGGUCAGUACGAUAACUGAU,.(((..[[[[[)))...]]]]].,PKB199
UUGUGUAUAUGGAUCAUGCGGAUAAAGUUAUACUGGUGCAGUAUAACCCGUUAUACACAUAAAAUUAUGAG,.((((((((....[[[[((((.....((((((((.....)))))))))))))))))))).......]]]].,PKB144
CCGUCUUUCCCGACGUUAAAGGGAUG,.((((..[[[[)))).....]]]]..,PKB287
AAGCCUAUUUGUACGGGUUGAGUACAAAC,.(((((.[[[[[..)))))....]]]]].,PKB186
ACGUGGCGAAUACGAUAAUUCGUA,.(((.[[[[[[)))...]]]]]].,PKB119
UAGUGUUUCGGCUUCCACUUAAAUCGAAAGCCA,.((((....[[[[[[))))......].]]]]].,PKB249
GCACCGGCUAACUCCGUGCCAGCAGCCGCGGUAAUACGGAGGGUGC,((((((((...[[[[[[[......))).......]]]]]]]))))),PKB65
AGGGGCCAGAGCAGAAGCAUUCACGUCGCGGCCCCUGUCAGAUUCUGGUGAAUCUGCGAAUUCUGCU,(((((((..[[[[[[[(((..[....))))))))))].(((((((....)))))))....]]]]]]],PKB314
UCGUUGACAAGUACGAAAUCUUGUUA,.(((.[[[[[[.)))....]]]]]].,PKB104
CCGCUGCACUGAUCUGUCCUUGGGUCAGGCGGGGGAAGGCAACUUCCCAGGGGGCAACCCCGAACCGCAGCAGCGACAUUCACAAGGAAU,.((((((..(((...[[[[[[[..))).((((((((((....)))))).((((....))))...)))).)))))).......]]]]]]].,PKB210
AAAUUUAUAGGGAGGGCCACUGUUCUCACUGUUGCGCUACAUCUGGCUAUUCCGCUCAAAUGGAAGCCAGACCACACGCCUGUGUGGAUUGACCAGUGGCCCCUCCCUGAAGGUAAACUUGUAGCGCU,........((((((((((((((...........[[[[[[[[((((((..(((((......)))))))))))((((((....))))))......))))))))).)))))...........]]]]]]]].,PKB174
CGGUUUUAUCUACCAUAAGAUAAA,.(((.[[[[[[)))...]]]]]].,PKB166
UUUGCUCAUUGGUUUGCGGAAACCUCUCACGUGUGACGUUGAAGUUUCUAUGGGCAGUAAUUCUGCAAG,.((((((((....[[[[((((((.((..(((.....))).)).)))))))))))))).......]]]].,PKB140
ACGCGGUCAUUGCGAUAAAUGACU,.(((.[[[[[[)))...]]]]]].,PKB196
CUUUAAGGGACCUUGUGAAAUUCAAGGG,.((((.....[[[[[))))...]]]]].,PKB158
CAGCCUUGUAGUUUUAGUGGACUUUAGGCUAAAGAAUUUCACUAG,.(((((...((((.[[[[[))))..))))).........]]]]].,PKB213
ACCGCCUGAUUAGCGGUCUACAAGUUAAUCGA,.((((..[[[[[)))).........]]]]]..,PKB198
AAGUCCAUAUGCCCACCUUCGCUGCUCCGGGUGGAUGCUUAUACAUGCUAUGGAUGCCUACAUUUGAAAUAAUGUAGAUGCCUAAUACUCUCUCUCAGGGAGAGAGUUUAGAUGCCUCCAAAGGAGAUGC,..(((((((.((((((((......[[[[))))))............)))))))))..(((((((......)))))))....((((.((((((((.....))))))))))))...........]]]]....,PKB387
CGGGUGCAACCCCCCCUCCCCCCGUAGGUUAACGGGACCA,..............(((...[[[[[)))...]]]]]....,PKB12
UUUAAAUGGGCGAGCGGCACCGCCCGCCAAAACAAACGG,.............((((..[[[.)))).........]]],PKB42
AUUUAAAUCAUUUCUUUUAAAGCAAAAGC,.((((((...[[[..))))))....]]].,PKB278
CCGUGUUUAAGAGUCCACGCAAAUCGAACUCU,.((((.....[[[[[))))......].]]]].,PKB87
AGAGGUUCUAGCUACACCCUCUAUAAAAAACUAA,(((((...[[[......)))))........]]].,PKB304
UAGGGGGGUCAGGGUCAGGAGCCCCCCCCUGAACCCAGGAUAACCCUCACUGUCGGGGGGCA,...........((((((((.[[[[[[[)))).))))..................]]]]]]].,PKB78
AAAAAACUUGUAAAGGGGCAGUCCCCUAGCCCCGCUCAAAAGGGGGAUG,..............(((((.[[[[[[[.)))))........]]]]]]].,PKB80
ACGUGGUACGUACGAUAACGUACA,.(((.[[[[[[)))...]]]]]].,PKB83
GCCGGGCGCGGUGGCGCGUGCCUGUAGUCCCAGCUACUCGGGAGGCU,(((.((((((.[[[[.)))))).....((((.]]]]...))))))).,PKB163
GGGAAACUGGAAGGCGGGGCGAGCUGCAGCCCCAGUGAAUCAAAUGCAGC,...............[[[[[..((((((]]]]]...........)))))),PKB4
CCCUUUUCAGCUGGGCCUCUUGGUAGUUUUCCUGGCCACCCAGGAGGUCUUGAGGAAGAGGUGGACGGCCAGAAUGA,............(((((((((((........[[[[[[..)))))))))))................]]]]]].....,PKB350
AGGUCUUGUAUAUUUAUACUUACCACACAAGAUGGACCGGAGCAGCCCUCCAAUAUCUAGUGUA,.((((..((((....)))).....[[[[.[[[[[))))((((.....))))..]]]]].]]]].,PKB212
UACUACUUGCUCAUUUGUAGUCUAAAUGAGA,.(((((...[[[[[[[)))))..]]]]]]].,PKB122
GGCGCUGAAUUCCCUGAAGGGAAACGGGGGACCCAAUCUUCAGGGGUGAAUCCCACGUAAGUGGGUAGGGCUAGUCUCUUUCGGCCCGAACCCGUCAGCUAACCUCGUAAGCGUGGAAAGAGGG,..(((((..(((((....)))))(((((((..((........((((((..((((((....))))))((((((...[[[[[[[)))))))))))..).))..))))))))))))..]]]]]]]..,PKB380
UAGGGGCUUACCGAAAUAAGCC,.(((.[[[[[)))...]]]]].,PKB86
GCGUGGAAGCCCUGCCUGGGGUUGAAGCGUUAAAACUUAAUCAGGC,((((...(((((.[[[[[)))))...))))...........]]]]],PKB51
AUCCUUUUCAGUUGGGCCUUCUGGUGAUGUUUCUGGCCACCCAGGAGGUCCUGAGGAAGAGGUGGACGGCCAGAUUGACU,.............(((((((((((.......[[[[[[[..)))))))))))................]]]]]]]......,PKB351
ACCUGGGAUAGACUAGGGGAUCUUCUGCUCUGCACAACCAGCCACACGGCACAGUGCGCCGACAUAGGUGGCUGGUGGUGCUAGAACACAGGAUCU,.(((((..[[[[)))))......]]]].(((((((.(((((((((.((((.......))))......))))))))).)))).)))...........,PKB237
GGUGCAAAUCCCCCGCCGAUACGGAGCGAUAUCCGUCCCA,.............(((....[[[[[)))...]]]]]....,PKB35
AAGUUUGGUCGUACUUAACGACCU,.(((..[[[[[[)))..]]]]]].,PKB85
GGGGUGCGACUCCCCCGUCUAUCCUGAACGUCAUCAGGACCA,...............(((...[[[[[[)))...]]]]]]...,PKB13
GCGCGGCGAUUUAACCGUAUUGCAGUCGCGUGAUAAAUGUAGCUAAAAAGGA,.((((((.......[[[[[[[[[[)))))).........].]].]]]]]]].,PKB345
ACGUGGCCAUCACGAUAGAUGGUU,.(((.[[[[[[)))...]]]]]].,PKB185
UAGGGGAGUCAGGGUUCGGACCCCCUCCCCGAACCUAGGGUAACACUGACUGUGGAGGGGA,...........((((((((..[[[[[[[)))))))).................]]]]]]].,PKB79
UGUCUUCCUAAAAUCCUUGGAAGACUGUAUAUAUAGAAUAAAGGUCG,.(((((((......[[[[)))))))...............]]]]...,PKB266
GGCUGACAAAAUCCUUUCCCAACCUCCACGUGGUGUCGGCUGGAUAAUGCAUUAGAAAUGUUGCAUUUACCAACUGGGAAGG,(((((((......[[[[[[[[(((.[[....))))))))))]]..((((((.((....)).)))))).......]]]]]]]],PKB327
UGGGUGCAACCCCCCCGUCCAUCUCGAACGUCAUCGAGACCA,...............(((...[[[[[[)))...]]]]]]...,PKB11
CUUCCGAUGUAGACCCGUAUUCUUCGCCUGUACCACGGGUCGGUUUUAGUACAGGCGUUUUCUU,...........(((((((......[[[[[[[[[.))))))).......]]]]]]]]].......,PKB374
AUUGGUAUGUAAGCUACUUCUUCCAGUAGCUGCGUCAUAACAUCAAGGUUAUGCAUACUGAGCCGAAGCUCAGCUUCGGUCCUCCAAGGAAGACCA,.((((((((..((((((..[[[[[.))))))....((((((......)))))))))))))).((((((.....))))))........]]]]]....,PKB164
UUUUCCGGCGGCGCAUGUUCGCGUCGUCGUAAGUCUGGAUUCCCAAGGCCCACUCGGUUCAACUUCGGUUUCCGGACAAAUACAAAGAAC,.....(((((((((..[[[[)))))))))...(((((((..((.((((((.....)))....))).))..))))))).........]]]],PKB365
ACGUGGUGCAUACGUUAAUGCAUA,.(((.[[[[[[)))...]]]]]].,PKB111
CUCCUAGCGAAGUCCCGCUAGGAAGAAAAAAUAAGGGCCG,.(((((((...[[[[.)))))))...........]]]]..,PKB268
CGUUUGGUCGAAUGCUACUAGAGCAGCCUGACCAAACUAGUAUUAGUAAAUAAAGG,.((((((((...((((.....)))).[[[))))))))................]]],PKB262
AUCACCGUACCUAUUUAGGUUUACGCUCCAAGAUCGGUGGAUAGCAGCCCUAUCAAUAUCUAGGAGA,..((((..((((....)))).....[[[[.[[[[.))))(((((.....)))))...]]]].]]]].,PKB229
GCGUAUCUCUUAUGUCAACAGAGA,.((((.[[[[)))).....]]]].,PKB102
GCUCUGCAAAUGGGGUAGGAGGCGAUGCCUCGUCCUCAUACCCAACUCCUAUUCCGGCACGUCCACGUCGUGCAGAGCGGUAACAUGCGUUACUAGGGGUGCAAGAGCUCUUUUUGAGGAGGAGCUCUUUUUGCUGCACUAGUUGCAUCAGAUGGUAACGCAUGGCUAAGCCGGAAAGGG,(((((((.....(((((.(((((((....))).)))).)))))...[[[[.[[[[[[[(((.[[....))))))))))]]...((((((((((((..((((((.(((((((((.....))))))))).....((((...))))))))))...)))))))))))).....]]]]]]]]]]],PKB323
ACGCGGGUACUGCGAUAGUGCCACC,.(((.[[[[[[)))..]]]]]]...,PKB299
UGGGUGCAACUCCCCCCCCUUCCGUGGGUAACGGAAACCA,..............(((..[[[[[[)))..]]]]]]....,PKB8
CCGCCUGUCCCGGCGUUAAAGGGAAGUAA,.((((..[[[[)))).....]]]].....,PKB283
CUCUCUAUCAGAAUGGAUGUCUUGCUGCUAUAAUAGAUAGAGAAGGUUAUAGCAGA,.((((((((...............[[[[[[[[[[.))))))))..]]]]]]]]]].,PKB256
ACGUGGGUUAUACGAUAAUAACCG,.(((.[[[[[[)))...]]]]]].,PKB117
GAACCUAUUUGCUCGGGUUGAGUGCAAAC,..((((.[[[[[..)))).....]]]]].,PKB197
CCCCUGUCCCGGGUAGGGAACC,.(((..[[[[)))..]]]]...,PKB247
ACGGAUUGUGUCCGUAAUCACA,..(((.[[[[))).....]]]],PKB53
CGAAUCUCAAGCAAUCAAGCAUUCUACUUCUAUUGCA,.((((((...[[[[[..)).)))).......]]]]].,PKB277
CCGCCUAUCCCGGCGUUAAUGGGAGG,.((((..[[[[)))).....]]]]..,PKB291
UAGGGGUGUCAGGGCUCUGGAGCCCCCCCCGAGCCCCGGCUAACUCUAUCUGUAGGGGGGCA,...........((((((.((.[[[[[[[))))))))..................]]]]]]].,PKB98
UGGUGCUUGUUAUUUCACCUAAAUCGAAAUAACG,.((((...[[[[[[[)))).......]]]]]]].,PKB202
CCCUUUUCAGUUGGGCCUUCUGGUCGUGUUCUUGGCCACCCAGGAGGUCCUUCGCAAGAGGUGGACAGCCAAGAU,............(((((((((((......[[[[[[[...))))))))))).((....))........]]]]]]].,PKB347
UUUUCCGGUGGCCACCCGCCCGGGCCACCGUUACUCCACUCCACUCCUUCGGGACUGGUUUGGAGGAACAUAACAGGGCU,.....((((((((....[[[[.))))))))...(((((..(((.(((....))).)))..)))))..........]]]].,PKB364
GGUUUGCUUGUUGGAUACCUCCUCGCGGUGCAAACUGGGCAAUGCUGUGCUCCUACGACAGGGGAAAUUGGACACCACUGUUAGGCACAGUAGCCAAAAUCCAC,(((((((..[[.[[[[(((.[[....))))))))))]]((..(((((((((.....(((((((...........)).))))).)))))))))))....]]]]]],PKB335
GGCUGACAAAAUCCUAUCUCUACCUCCUCGUGGUGUCAGCCGGAAUGUGCAGUAUCAGUACUGCAUAUACCAACAGAGAGGG,(((((((.....[[[.[[[[[(((.[[....))))))))))]].((((((((((....))))))))))......]]]]]]]],PKB329
GGCGUAGGCGCCGUGCUUUUGCUCCCCGCGCGCUGUUUUUCUCGCUGACUUUCAGCGGGCGGAAAAGCCUCGGCCUGCCGCCUUCCACCGUUCAUUCUAGAGCAAACAAAAAAUGUCAGCU,.((((((((.....(((((.......(((((((((........[[[[[[[[[)))))))))..)))))....))))).))).............................]]].]]]]]].,PKB243
AUUGGUAUGUAAGCUACAACUUCCGGUAGCUGCGUCACACUUUAAGAGUGUGCAUACUGAGCCGAAGCUCAGCUUCGGUCCCCCAAGGGAAGACCA,.((((((((..((((((..[[[[[.))))))....((((((.....)))))))))))))).((((((.....)))))).........]]]]]....,PKB138
AGUUAACUACGAUGUCGGCCCUAGGACAUCUAUCGAGUUAACGACGAUCGCUUUGCGAUUAUGCUUCAUUUUUUCUUUCGAAAAAAUGAAAUGACCCUUAGGGGCC,.(((((((.(((((((..[[[[[.))))))....))))))))...((((((...))))))....(((((((((((....)))))))))))........]]]]]...,PKB393
GGGGUGCAAAUCCCCCCCUAACUUGAGGGAAAUCAAGCCC,...............(((...[[[[[)))...]]]]]...,PKB40
CCGGCUGAGUGUGCAGAUCACAGCCGUAAGAAUUUCUUCAAACCAAGGGGGUGACUCCUUGAACAAAGAGAAAUCACAUGAUCUU,.((((((.......[[[[[[)))))).....(((((((.....(((((((....)))))))......)))))))....]]]]]].,PKB275
CGAGAAGGAGAUCUCUCGUAAAUAAGACUC,(((((..[[[.[[))))).......]]]]],PKB67
ACCGUCGUUCCCGACGUAAAAGGGAGG,..((((..[[[[)))).....]]]]..,PKB285
CCCUUGUCUCAGGUAGAGACC,.(((.[[[[[)))..]]]]].,PKB155
GGGGUUCGAAUCCCUCCCUAACCGCGGGUAAGCGGCCCA,...............(((...[[[[)))...]]]]....,PKB22
UAGAUUUCUGAAAGUCGCUUCCCGGCUUUCAUGCUUGGAAAUCUUACCUGCGUUAGCAGAUGCCCACAACGUGAAGUUGUGGAUGCCCCGUUAGGGAAGC,.(((((((((((((((.[[[[[[))))))))......)))))))...((((....))))....(((((((.....)))))))...........]]]]]].,PKB396
ACUGUGAUUAUAAAAGUGGAGUACUAAAGUACCCACUACCUUUAAUCACAGACAAUAAAGGUCCAU,.((((((((.....(((((.((((....)))))))))[[[[[[)))))))).....]]]]]]....,PKB272
AAGUUCAUAUGCCCACCUUUGCUGCUCCGGGUGGAUGCUUCGUGCAAAUGCUAUGAAUGCCUACGUAUAUGUGCGUAGAUGCCUAUAUUUUCUCUCCUGAGAAAAUAUAGAUGCCUCCAAAGGAGAUGC,..(((((((.((((((((......[[[[))))))...............)))))))))..(((((((....)))))))....((((((((((((....))))))))))))...........]]]]....,PKB388
UUUAAACUGUUAGCCGCCAGCGGCUUGACCCGCUGUGGCCGCGGCGGCCUAGUUGUGACUGAAACGGCGGU,............((((((.((((((....[[[[[[[))))))))))))...............]]]]]]].,PKB233
CGCUCAACUCAUGGAGCGCAAGACGAAUAGCUACAUAUUCGACAUGAG,(((((..[[[[[[))))).....((((((......)))))).]]]]]],PKB131
CCUUCACCUGGAAGUAAAACAGCAA,.((((..[[[)))).....]]]...,PKB292
GGGAAACGGGAACUGGGCUUGGGACAAGAGCCAUCCCAAGUCCAAGGCCAAGUAGGCUCG,.............(((((((((((...[[[[[.)))))))))))..........]]]]].,PKB258
CUGACCAGCUAUGAGGUCAUACAUCGUCAUAGC,.(((((.[[[[[[[))))).......]]]]]]],PKB73
AGGCUAGGACCGGCCAGACAAAGGUCCG,.((((.[[[[[)))).......]]]]].,PKB368
UGGGUUCAACUCCCCCCCUUUUCCGAGGGUAUCGGAAACC,..............(((...[[[[[[)))..]]]]]]...,PKB10
UUGUGGUGCAUACAAUAAUGCAUA,.(((.[[[[[[)))...]]]]]].,PKB109
AAGCAGUCCCAGCUCUGCAUUGGGAA,.(((..[[[[[)))......]]]]].,PKB121
CAAGAACCGGACGGGUGAGAACCGAGACAAACACCCACCA,.......(((..[[[[[....))).......]]]]]....,PKB66
CGCUCAACCUCAGAGCGCAAGAGUCGAACGAAUACAGUUCGACAUGAGG,(((((..[[[[[))))).....(((((((.......))))))).]]]]],PKB132
GCCAGUGGUUUGCAAUGCUGGUCCGGUGCGU,(((((((...[[[[.)))))))....]]]].,PKB302
GGGGGCCAUAGCAGAAGCGUUCACGUCGCGGCCCCUGUCAGAUUCAUAGGAAUCUGCGAAUUCUGCU,(((((((..[[[[[[[(((..[....))))))))))].(((((((....)))))))....]]]]]]],PKB318
CCAUUCCCACUAGUGUAUUAGUGGA,.(((..[[[[[[)))...]]]]]].,PKB125
UUGUCAUAUCUGGAUCCAACAGUUAAACCAUGUGAUGGUGUAUACUGUGGUAUGGCGUAAAACAUCGGAG,.(((((((((....[[[.(((((...((((.....))))....)))))))))))))).........]]].,PKB141
UGGUGCCCAUCAACCAUAUGAUGGGA,.(((.[[[[[[[)))...]]]]]]].,PKB152
AGGUGGAUGUUACCAUAAACAUUA,.(((.[[[[[[)))...]]]]]].,PKB161
AGUCUAACAUGUCGGGCUGAGACAUGUC,.((((.[[[[[[[))))...]]]]]]].,PKB189
GAAUAUCUUCCGAAGCCGAACGGGAAAACCGGCAUCU,.......(((((..[[[[..)))))....]]]]....,PKB301
GGAUCGCUGAACCCGAAAGGGGCGGGGGACCCAGAAAUGGGGCGAAUCUCUUCCGAAAGGAAGAGUAGGGUUACUCCUUCGACCCGAGCCCGUCAGCUAACCUCGCAAGCGUCCGAAGGAGAA,....(((((............(((((((...(......((((((..((((((((....))))))))((((((.[[[[[[[)))))))))))..).)...))))))))))))...]]]]]]]..,PKB378
GGGGUUCAAAUCCCCCCCGAACCGGAGGGUUAUCCGGCCCA,...............(((...[[[[[)))...]]]]]....,PKB30
ACGCCAAAAUCCAAUUAAAGUUUGGGACCUAGGCGGGCCUCUUACGAGGCUAACUUAUCGACAAUAAGUUAGGUC,.((((.....((((.......))))[[[[[[))))((((((....))))))..................]]]]]],PKB271
CUCUCUAUCAGAAUGGAUGUCUUGCUGUCAUAACAGAUAGAGAAGGUUGUGGCAGA,.((((((((...............[[[[[[[[[[.))))))))..]]]]]]]]]].,PKB255
CGACACUCUAAAGUGUUCCAAGAGGAACCACCUUGAGUGUCUAGUUAUAAAUAAACUAGGUC,.(((((((......(((((....))))).[[[[.)))))))................]]]].,PKB264
CGGUAGAAAAGAUGGUUUGAAAACCACGCCUUCUACCAAUAUAGUAAAUAAAUAGGCGG,.((((((.....(((((....)))))[[[[[))))))................]]]]].,PKB261
AGUCCCAAGGGGGUCCUCUUCGGAGCGACCCAAGCCCAACGGCUGGCUUCGGCUGGGACCAUUGCGAGAGUUCGUGGGCG,.(((((....((((((((....))).)))))..[[[[.[[[[[[(((....)))))))).........]]]].]]]]]].,PKB305
CAGUGGUUGUUCGUCCACUUAAAUAUAACGAUU,.((((.....[[[[.))))........]]]]..,PKB94
UAGGGCCGUCAGGGUUCUCCCGCCCUCCGUGAACCCAGGCUAAAAGUUAAGGUAGGGGGGC,...........((((((.(..[[[[[[[).))))))..................]]]]]]],PKB48
CAAUUUUCUGAAAAUUUUCAC,.(((((..[[[))))).]]].,PKB279
GGGGUUCGAAUCCCCCCGUUACCCCCGGUAGGGGCCCA,...............(((...[[[[)))..]]]]....,PKB18
UUUAAACGGGUUUGCGGUGUAAGUGCAGCCCGUCUUACACCGUGCGGCACAGGCACUAGUACUGAUGUCGUCUACAGGGCUU,............(((((((((((...[[[[[[[)))))))))))((((((((.........))).)))))...]].]]]]].,PKB254
CGGGGCCACAGCAAAAGUGUUCACGUCAUGGCCCCUGUCAGAUUCUGGUGAAUCUGCAAAUUCUGCU,.((((((..[[[[[[[(((..[....))))))))).].(((((((....)))))))....]]]]]]],PKB315
GUUCUGUAAACGGGGUUGGAUCCGACUCUCAUAGGCUCUCCAACCCAACUCCUACUCAAUACGUCCUCGUCGUACAGAACGGUAACAUGUUUUCCGAACAUCCGCGCUUGGGUAUACGAGUAUACACCUUACCCAACCCUCGCCAACGGGGAGGAUGGAAAACAUGGCUAAAUUGAGAGGG,(((((((.....((((((((.((..........))...))))))))...[[[[.[[[[[[(((.[[....))))))))))]]...((((((((((....((((....(((((((...............))))))).(((((....))))).)))))))))))))).....]]]]]]]]]],PKB324
AUAAAGUUUGUGUUUCUAAAACACAC,..(((...[[[[)))......]]]].,PKB82
AUUGCCACUGUGGAAAUCAGUGA,.(((.[[[[[)))....]]]]].,PKB165
GGGGGCCACAGCAGAAGCGUUCACGUCGCAGCCCCUGUCAGAUUCUGGUGAAUCUGCGAAUUCUGCU,(((((((..[[[[[[[(((..[....))))))))))].(((((((....)))))))....]]]]]]],PKB316
GAUGAAAAUGCCCAUUGUAUCCUGAAUGGAUGACACUUUUCAUUGCCUACAAAUUUUGUACAUGCCCUCACCGUAAGGUGAGGAUGCCCCUUUAAGGGAUGC,((((((((((.(((((.[[[[[[.)))))....)).))))))))...(((((...))))).....(((((((....)))))))............]]]]]].,PKB398
CAGUUUUCCGAGCGUCGCCUCCUUAGGCGUGUCCUAGGAAAACAACAACUCGAUGUAGAGUUGAUUCCAAUUUCUGUGAAAGAAAUUGAUGCCCCGAUUAGGAGGC,..(((((((.((((((.[[[[[[..))))....)).)))))))..((((((......))))))....((((((((.....))))))))...........]]]]]].,PKB397
CAGUGUUUUGAAGUCCACUUAAAUAGAACUUCU,.((((....[[[[[[))))......].]]]]].,PKB116
GACUCGCUUGACUGUUCACCUCCCCGUGGUGCGAGUUGGACACCCACCACUCGCAUUCUUCACCUAUUGUUUAAUUGUGCUUGUGGUGGGUGACUGAGAAACAGUC,(((((((..[[[[[[[[(((.[[....))))))))))]].((((((((((..((((..((.(.(....).).))..))))..)))))))))).....].]]]]]]],PKB336
CCGGUGGAUAGGCGGGUGUAGUGCUUCUCCAACACACUUCCACUGAUGCUGUUUAUAUCUAAUGAUAUAAACAAUGCCUCCUUUAAAGGAGAUGC,.(((((((......(((((.((...[[[[[.))))))))))))))....((((((((((....))))))))))..............]]]]]...,PKB383
GGGAUUCGAAUUCCCCCUUACCUCGGGUAGAGGCCCA,...............(((..[[[[)))..]]]]....,PKB28
CGGUGCUUUUAUGUUCACCGAAAUCGAACAUAC,.((((....[[[[[[))))......].]]]]].,PKB118
CACCGACCAUAGGCUCGGGUUGCCAGAGGUUCCACACUUUCAUCGAAAAGCCUAUGC,.(((((.[[[[[[[)))))..............................]]]]]]].,PKB175
ACCUCGAAAGCUUAGUUUCGAGGGUCUUCUGAU,.((((((((..[[[[)))))))).....]]]].,PKB89
GGAUGUUCGGGUGGCUGCUUAAGCGCUUCUAUACUUAAGUACCGAAUGUUAUACCGUUAUUAUCUAGUGAUAAUAACGAUGCCUAUUUCUAUGAAAUAGAAGC,.(((((((((.....((((((((..[[[[[[[.)))))))))))))))))....((((((((((....)))))))))).................]]]]]]].,PKB385
GGGAAACGGAUUAUUCCGGUCGACUCCGGAGAAACAAAGUC,.............((((((..[[[[))))))......]]]],PKB45
CGCCGUUUGCCUAGGCUAUAGGCUAAAUU,.(((....[[[[[)))..]]]]]......,PKB298
UGAGGUUUUUCCCCUCCCUCAUGAUGAGGGGAAG,.((((...[[[[[[[[)))).....]]]]]]]].,PKB242
GAGGGACAAGAAUCUGACCUGCACCUCCUCGUGGUGUCCCUCGGAAACGUGCUCAACGCGCGGCCGACGCAGGCAG,(((((((......[[[.[[[[[(((.[[....))))))))))]]...(((((.....)))))......]]]]]]]],PKB341
GCUGUGUAUCAUCCUGCCCGUCGGAGGAGCCACAGUUAAAUUCAAAAGACAAGGC,((((((..((.(((.[[[.[[[))).))..))))))...........]]]..]]],PKB70
UCGUUGCCGUCACGAUAGACGGA,.(((..[[[[[)))...]]]]].,PKB188
UACGCUGUACAGUGCGUUAAACUGUACA,..(((.[[[[[[[)))....]]]]]]].,PKB194
GGGUGCAACUCCCCCCCCCUUGGAGGGUAUCCAAGACC,.............(((..[[[[[[)))..]]]]]]...,PKB32
GCCGCUGGGAUUGCGGAUUAUAAAUCG,.((((...[[[[))))......]]]].,PKB187
AUUGGUGAUUAUUUCCGCUUACUCCUGUGCGGAUGCAACAAUGUUUUGACAUUGAUCACUGAGUUUCAGACUGACUAACAGUCUGGGAUCCCCCAAGGGAGACCA,.((((((((....(((((...[[[[[..))))).....((((((....)))))))))))))).((((((((((.....))))))))))........]]]]]....,PKB168
AGGUACCCUUGAAAUCACCUCCUAGAUUUCUUCGGAAGGGCUUCGUGAGAAGCUCGUGCACGGUAAUACACUGAUAUUACCAAGAGUGCGGGUAUCGCCUGUGGUUUUCCACAGGUUCUCCAUAAGGAGACCA,.(((((((..((((((..[[[[[.)))))).......(((((((....)))))))..(((((((((((......)))))))....)))))))))))((((((((....))))))))........]]]]]....,PKB137
AAGCCUUUUGGAUCGAAGGUUAAACGAUCCG,.((((((..[[[[[[))))))...]]]]]].,PKB100
CAGCCUCUCACAGCUUCCUCGUGAGG,.(((..[[[[[.))).....]]]]].,PKB251
UAGGGAGGUCAGGGUCAGGAGCCCCCCCCUGAACCCAGGAUAACCCUCAAAGUCGGGGGGC,...........((((((((.[[[[[[[)))).))))..................]]]]]]],PKB47
AGUGGUUAUCCCUCCACUUAAAUCGAAGGG,((((.....[[[[[))))......].]]]],PKB62
GGUUCGCUUGACUGUUCACCUCCCCGUGGUGCGAGCUGGACACUAUCCACUCGCAUUUUUCACCCAUUGUAUUGAUUUGCUUGUGGAUGGUGACUGAGAAACAGUC,(((((((..[[[[[[[[(((.[[....))))))))))]].((((((((((..(((((((....(....)....)))))))..)))))))))).....].]]]]]]],PKB337
GAGGUUCGAAUCCUCCCGUAACCGCCGGUAGCGGCCCA,...............(((...[[[[)))..]]]]....,PKB23
UCAAGAAUUCCGUUUUCAGUCGGGAAAAACUGAACAA,.......(((((..[[[[[[)))))...]]]]]]...,PKB300
UUUAAAAGCCAGGACGGUCACCUUUGGGGUGGUGACAAGUGUGAUCACUUGGGUGGUGGCUGUGUUUGCGUCUCUCCCAGGAAUCAUCUUUACCAGAUCUCAA,.......((..(((((((((((.[[[[[[[[[[[[..[[.[[[[[..[[[[[[.)))))))))......))))]]]]]].]]]]]]]]]]]]]..]]]]]],PKB373
CGGUAGCGCGAACCUUAUCGCGCA,.(((.[[[[[[)))...]]]]]].,PKB115
